Workbook
Name Slicer_pickup_location: #N/A
Name Slicer_ride_status: #N/A

Sheet Clean Data
A1: ride_id | B1: timestamp | C1: pickup_location | D1: fare_amount | E1: driver_rating | F1: ride_status | G1: time_slot | I1: Data cleaning log
A2: RIDE1001 | B2: 46169.476 | C2: Mumbai_Thane | D2: 501.83 | E2: 3.47 | F2: COMPLETED | G2: =TEXT(RideData[[#This Row],[timestamp]],"hh:mm") -> 11:25 | I2: Source: Ride_Analytics_Raw_1000_Records.csv (1000 records).
A3: RIDE1002 | B3: 46169.476 | C3: Mumbai_Colaba | D3: 1770.4 | F3: COMPLETED | G3: =TEXT(RideData[[#This Row],[timestamp]],"hh:mm") -> 11:25 | I3: Exact duplicate rows removed: 0. Duplicate ride_id removed: 0.
A4: RIDE1003 | B4: 46169.476 | C4: Mumbai_Colaba | D4: 1726.32 | E4: 3.87 | F4: COMPLETED | G4: =TEXT(RideData[[#This Row],[timestamp]],"hh:mm") -> 11:25 | I4: Text fields trimmed; ride_status upper-cased; pickup_location and ride_status use consistent labels.
A5: RIDE1004 | B5: 46169.476 | C5: Mumbai_Colaba | D5: 0 | E5: 3.99 | F5: CANCELLED | G5: =TEXT(RideData[[#This Row],[timestamp]],"hh:mm") -> 11:25 | I5: timestamp converted to a real Excel date-time; fare_amount and driver_rating stored as numbers.
A6: RIDE1005 | B6: 46169.476 | C6: Mumbai_Thane | D6: 0 | E6: 4.07 | F6: NO_DRIVER_AVAILABLE | G6: =TEXT(RideData[[#This Row],[timestamp]],"hh:mm") -> 11:25 | I6: Blank driver_rating kept blank (109 rows) - not imputed, excluded from the average.
A7: RIDE1006 | B7: 46169.476 | C7: Mumbai_Bandra | D7: 0 | E7: 3.91 | F7: CANCELLED | G7: =TEXT(RideData[[#This Row],[timestamp]],"hh:mm") -> 11:25 | I7: fare_amount = 0 on cancelled / no-driver rides is a valid value and was kept.
A8: RIDE1007 | B8: 46169.476 | C8: Mumbai_Andheri | D8: 2542.08 | F8: COMPLETED | G8: =TEXT(RideData[[#This Row],[timestamp]],"hh:mm") -> 11:25 | I8: time_slot (HH:MM) is a formula column added only to group the trend PivotTable.
A9: RIDE1008 | B9: 46169.476 | C9: Mumbai_Colaba | D9: 0 | E9: 3.48 | F9: NO_DRIVER_AVAILABLE | G9: =TEXT(RideData[[#This Row],[timestamp]],"hh:mm") -> 11:25
A10: RIDE1009 | B10: 46169.476 | C10: Mumbai_Andheri | D10: 0 | E10: 4.68 | F10: CANCELLED | G10: =TEXT(RideData[[#This Row],[timestamp]],"hh:mm") -> 11:25
A11: RIDE1010 | B11: 46169.476 | C11: Mumbai_Colaba | D11: 2491.49 | E11: 3.52 | F11: COMPLETED | G11: =TEXT(RideData[[#This Row],[timestamp]],"hh:mm") -> 11:25
A12: RIDE1011 | B12: 46169.476 | C12: Mumbai_Andheri | D12: 1903.22 | E12: 4.33 | F12: COMPLETED | G12: =TEXT(RideData[[#This Row],[timestamp]],"hh:mm") -> 11:25
A13: RIDE1012 | B13: 46169.476 | C13: Mumbai_Colaba | D13: 2249.77 | E13: 3.71 | F13: COMPLETED | G13: =TEXT(RideData[[#This Row],[timestamp]],"hh:mm") -> 11:25
A14: RIDE1013 | B14: 46169.476 | C14: Mumbai_Colaba | D14: 0 | E14: 3.03 | F14: CANCELLED | G14: =TEXT(RideData[[#This Row],[timestamp]],"hh:mm") -> 11:25
A15: RIDE1014 | B15: 46169.476 | C15: Mumbai_Andheri | D15: 2055.68 | E15: 4.08 | F15: COMPLETED | G15: =TEXT(RideData[[#This Row],[timestamp]],"hh:mm") -> 11:25
A16: RIDE1015 | B16: 46169.476 | C16: Mumbai_Colaba | D16: 0 | E16: 4.13 | F16: CANCELLED | G16: =TEXT(RideData[[#This Row],[timestamp]],"hh:mm") -> 11:25
A17: RIDE1016 | B17: 46169.476 | C17: Mumbai_Andheri | D17: 1573.52 | E17: 4.43 | F17: COMPLETED | G17: =TEXT(RideData[[#This Row],[timestamp]],"hh:mm") -> 11:25
A18: RIDE1017 | B18: 46169.476 | C18: Mumbai_Andheri | D18: 1014.65 | F18: COMPLETED | G18: =TEXT(RideData[[#This Row],[timestamp]],"hh:mm") -> 11:25
A19: RIDE1018 | B19: 46169.476 | C19: Mumbai_Thane | D19: 1252.48 | E19: 3.5 | F19: COMPLETED | G19: =TEXT(RideData[[#This Row],[timestamp]],"hh:mm") -> 11:25
A20: RIDE1019 | B20: 46169.476 | C20: Mumbai_Colaba | D20: 1164.56 | E20: 3.48 | F20: COMPLETED | G20: =TEXT(RideData[[#This Row],[timestamp]],"hh:mm") -> 11:25
A21: RIDE1020 | B21: 46169.476 | C21: Mumbai_Andheri | D21: 0 | E21: 4.49 | F21: NO_DRIVER_AVAILABLE | G21: =TEXT(RideData[[#This Row],[timestamp]],"hh:mm") -> 11:25
A22: RIDE1021 | B22: 46169.476 | C22: Mumbai_Thane | D22: 1029.07 | E22: 5 | F22: COMPLETED | G22: =TEXT(RideData[[#This Row],[timestamp]],"hh:mm") -> 11:25
A23: RIDE1022 | B23: 46169.476 | C23: Mumbai_Andheri | D23: 589.86 | E23: 4.16 | F23: COMPLETED | G23: =TEXT(RideData[[#This Row],[timestamp]],"hh:mm") -> 11:25
A24: RIDE1023 | B24: 46169.476 | C24: Mumbai_Bandra | D24: 1098.01 | E24: 3.19 | F24: COMPLETED | G24: =TEXT(RideData[[#This Row],[timestamp]],"hh:mm") -> 11:25
A25: RIDE1024 | B25: 46169.476 | C25: Mumbai_Andheri | D25: 1463.23 | E25: 3.86 | F25: COMPLETED | G25: =TEXT(RideData[[#This Row],[timestamp]],"hh:mm") -> 11:25
A26: RIDE1025 | B26: 46169.476 | C26: Mumbai_Bandra | D26: 1501.97 | E26: 4.08 | F26: COMPLETED | G26: =TEXT(RideData[[#This Row],[timestamp]],"hh:mm") -> 11:25
A27: RIDE1026 | B27: 46169.476 | C27: Mumbai_Thane | D27: 0 | F27: CANCELLED | G27: =TEXT(RideData[[#This Row],[timestamp]],"hh:mm") -> 11:25
A28: RIDE1027 | B28: 46169.476 | C28: Mumbai_Bandra | D28: 0 | E28: 4.35 | F28: CANCELLED | G28: =TEXT(RideData[[#This Row],[timestamp]],"hh:mm") -> 11:25
A29: RIDE1028 | B29: 46169.476 | C29: Mumbai_Colaba | D29: 1140.09 | E29: 4.68 | F29: COMPLETED | G29: =TEXT(RideData[[#This Row],[timestamp]],"hh:mm") -> 11:25
A30: RIDE1029 | B30: 46169.476 | C30: Mumbai_Andheri | D30: 0 | E30: 4.22 | F30: NO_DRIVER_AVAILABLE | G30: =TEXT(RideData[[#This Row],[timestamp]],"hh:mm") -> 11:25
A31: RIDE1030 | B31: 46169.476 | C31: Mumbai_Colaba | D31: 3343.97 | F31: COMPLETED | G31: =TEXT(RideData[[#This Row],[timestamp]],"hh:mm") -> 11:25
A32: RIDE1031 | B32: 46169.476 | C32: Mumbai_Bandra | D32: 1109.11 | E32: 4.93 | F32: COMPLETED | G32: =TEXT(RideData[[#This Row],[timestamp]],"hh:mm") -> 11:25
A33: RIDE1032 | B33: 46169.476 | C33: Mumbai_Thane | D33: 2854.51 | E33: 3.75 | F33: COMPLETED | G33: =TEXT(RideData[[#This Row],[timestamp]],"hh:mm") -> 11:25
A34: RIDE1033 | B34: 46169.476 | C34: Mumbai_Thane | D34: 913.14 | E34: 3.4 | F34: COMPLETED | G34: =TEXT(RideData[[#This Row],[timestamp]],"hh:mm") -> 11:25
A35: RIDE1034 | B35: 46169.476 | C35: Mumbai_Thane | D35: 1601.65 | E35: 3.26 | F35: COMPLETED | G35: =TEXT(RideData[[#This Row],[timestamp]],"hh:mm") -> 11:25
A36: RIDE1035 | B36: 46169.476 | C36: Mumbai_Thane | D36: 2698.64 | E36: 4.22 | F36: COMPLETED | G36: =TEXT(RideData[[#This Row],[timestamp]],"hh:mm") -> 11:25
A37: RIDE1036 | B37: 46169.476 | C37: Mumbai_Thane | D37: 1865.49 | E37: 4.1 | F37: COMPLETED | G37: =TEXT(RideData[[#This Row],[timestamp]],"hh:mm") -> 11:25
A38: RIDE1037 | B38: 46169.476 | C38: Mumbai_Bandra | D38: 2628.19 | E38: 4.31 | F38: COMPLETED | G38: =TEXT(RideData[[#This Row],[timestamp]],"hh:mm") -> 11:25
A39: RIDE1038 | B39: 46169.476 | C39: Mumbai_Thane | D39: 0 | E39: 4.41 | F39: CANCELLED | G39: =TEXT(RideData[[#This Row],[timestamp]],"hh:mm") -> 11:25
A40: RIDE1039 | B40: 46169.476 | C40: Mumbai_Bandra | D40: 2043.94 | F40: COMPLETED | G40: =TEXT(RideData[[#This Row],[timestamp]],"hh:mm") -> 11:25
A41: RIDE1040 | B41: 46169.476 | C41: Mumbai_Bandra | D41: 1414.98 | E41: 4.05 | F41: COMPLETED | G41: =TEXT(RideData[[#This Row],[timestamp]],"hh:mm") -> 11:25
A42: RIDE1041 | B42: 46169.476 | C42: Mumbai_Thane | D42: 1332.34 | E42: 4.54 | F42: COMPLETED | G42: =TEXT(RideData[[#This Row],[timestamp]],"hh:mm") -> 11:25
A43: RIDE1042 | B43: 46169.476 | C43: Mumbai_Andheri | D43: 0 | E43: 5 | F43: NO_DRIVER_AVAILABLE | G43: =TEXT(RideData[[#This Row],[timestamp]],"hh:mm") -> 11:25
A44: RIDE1043 | B44: 46169.476 | C44: Mumbai_Colaba | D44: 1117.38 | E44: 4.7 | F44: COMPLETED | G44: =TEXT(RideData[[#This Row],[timestamp]],"hh:mm") -> 11:25
A45: RIDE1044 | B45: 46169.476 | C45: Mumbai_Andheri | D45: 671.83 | E45: 4.66 | F45: COMPLETED | G45: =TEXT(RideData[[#This Row],[timestamp]],"hh:mm") -> 11:25
A46: RIDE1045 | B46: 46169.476 | C46: Mumbai_Andheri | D46: 0 | E46: 4.13 | F46: CANCELLED | G46: =TEXT(RideData[[#This Row],[timestamp]],"hh:mm") -> 11:25
A47: RIDE1046 | B47: 46169.476 | C47: Mumbai_Andheri | D47: 2062.39 | E47: 4.29 | F47: COMPLETED | G47: =TEXT(RideData[[#This Row],[timestamp]],"hh:mm") -> 11:25
A48: RIDE1047 | B48: 46169.476 | C48: Mumbai_Andheri | D48: 1827.31 | E48: 4.84 | F48: COMPLETED | G48: =TEXT(RideData[[#This Row],[timestamp]],"hh:mm") -> 11:25
A49: RIDE1048 | B49: 46169.476 | C49: Mumbai_Andheri | D49: 380.1 | E49: 4.14 | F49: COMPLETED | G49: =TEXT(RideData[[#This Row],[timestamp]],"hh:mm") -> 11:25
A50: RIDE1049 | B50: 46169.476 | C50: Mumbai_Thane | D50: 706.2 | E50: 4.48 | F50: COMPLETED | G50: =TEXT(RideData[[#This Row],[timestamp]],"hh:mm") -> 11:25
A51: RIDE1050 | B51: 46169.476 | C51: Mumbai_Bandra | D51: 0 | F51: CANCELLED | G51: =TEXT(RideData[[#This Row],[timestamp]],"hh:mm") -> 11:25
A52: RIDE1051 | B52: 46169.476 | C52: Mumbai_Andheri | D52: 1591.85 | F52: COMPLETED | G52: =TEXT(RideData[[#This Row],[timestamp]],"hh:mm") -> 11:25
A53: RIDE1052 | B53: 46169.476 | C53: Mumbai_Bandra | D53: 1592.65 | E53: 3.88 | F53: COMPLETED | G53: =TEXT(RideData[[#This Row],[timestamp]],"hh:mm") -> 11:25
A54: RIDE1053 | B54: 46169.476 | C54: Mumbai_Colaba | D54: 1991.74 | E54: 3.43 | F54: COMPLETED | G54: =TEXT(RideData[[#This Row],[timestamp]],"hh:mm") -> 11:25
A55: RIDE1054 | B55: 46169.476 | C55: Mumbai_Bandra | D55: 2052.2 | E55: 4.24 | F55: COMPLETED | G55: =TEXT(RideData[[#This Row],[timestamp]],"hh:mm") -> 11:25
A56: RIDE1055 | B56: 46169.476 | C56: Mumbai_Thane | D56: 745.27 | F56: COMPLETED | G56: =TEXT(RideData[[#This Row],[timestamp]],"hh:mm") -> 11:25
A57: RIDE1056 | B57: 46169.476 | C57: Mumbai_Andheri | D57: 1705.64 | E57: 3.2 | F57: COMPLETED | G57: =TEXT(RideData[[#This Row],[timestamp]],"hh:mm") -> 11:25
A58: RIDE1057 | B58: 46169.476 | C58: Mumbai_Thane | D58: 637.26 | F58: COMPLETED | G58: =TEXT(RideData[[#This Row],[timestamp]],"hh:mm") -> 11:25
A59: RIDE1058 | B59: 46169.476 | C59: Mumbai_Colaba | D59: 2047.33 | E59: 3.42 | F59: COMPLETED | G59: =TEXT(RideData[[#This Row],[timestamp]],"hh:mm") -> 11:25
A60: RIDE1059 | B60: 46169.476 | C60: Mumbai_Thane | D60: 2680.89 | F60: COMPLETED | G60: =TEXT(RideData[[#This Row],[timestamp]],"hh:mm") -> 11:25
A61: RIDE1060 | B61: 46169.476 | C61: Mumbai_Thane | D61: 902.91 | E61: 4 | F61: COMPLETED | G61: =TEXT(RideData[[#This Row],[timestamp]],"hh:mm") -> 11:25
A62: RIDE1061 | B62: 46169.476 | C62: Mumbai_Colaba | D62: 1399.51 | E62: 2.56 | F62: COMPLETED | G62: =TEXT(RideData[[#This Row],[timestamp]],"hh:mm") -> 11:25
A63: RIDE1062 | B63: 46169.476 | C63: Mumbai_Colaba | D63: 1603.44 | E63: 4.46 | F63: COMPLETED | G63: =TEXT(RideData[[#This Row],[timestamp]],"hh:mm") -> 11:25
A64: RIDE1063 | B64: 46169.476 | C64: Mumbai_Andheri | D64: 1540.3 | E64: 4.77 | F64: COMPLETED | G64: =TEXT(RideData[[#This Row],[timestamp]],"hh:mm") -> 11:25
A65: RIDE1064 | B65: 46169.476 | C65: Mumbai_Colaba | D65: 778.69 | E65: 4.44 | F65: COMPLETED | G65: =TEXT(RideData[[#This Row],[timestamp]],"hh:mm") -> 11:25
A66: RIDE1065 | B66: 46169.476 | C66: Mumbai_Colaba | D66: 0 | E66: 3.82 | F66: CANCELLED | G66: =TEXT(RideData[[#This Row],[timestamp]],"hh:mm") -> 11:25
A67: RIDE1066 | B67: 46169.476 | C67: Mumbai_Bandra | D67: 1055.45 | E67: 3.93 | F67: COMPLETED | G67: =TEXT(RideData[[#This Row],[timestamp]],"hh:mm") -> 11:25
A68: RIDE1067 | B68: 46169.476 | C68: Mumbai_Andheri | D68: 0 | E68: 4.15 | F68: NO_DRIVER_AVAILABLE | G68: =TEXT(RideData[[#This Row],[timestamp]],"hh:mm") -> 11:25
A69: RIDE1068 | B69: 46169.476 | C69: Mumbai_Andheri | D69: 0 | E69: 4.17 | F69: CANCELLED | G69: =TEXT(RideData[[#This Row],[timestamp]],"hh:mm") -> 11:25
A70: RIDE1069 | B70: 46169.476 | C70: Mumbai_Colaba | D70: 1223.06 | E70: 4.38 | F70: COMPLETED | G70: =TEXT(RideData[[#This Row],[timestamp]],"hh:mm") -> 11:25
A71: RIDE1070 | B71: 46169.476 | C71: Mumbai_Colaba | D71: 0 | E71: 3.58 | F71: CANCELLED | G71: =TEXT(RideData[[#This Row],[timestamp]],"hh:mm") -> 11:25
A72: RIDE1071 | B72: 46169.476 | C72: Mumbai_Thane | D72: 2936.39 | E72: 4.07 | F72: COMPLETED | G72: =TEXT(RideData[[#This Row],[timestamp]],"hh:mm") -> 11:25
... A88: RIDE1087 | B88: 46169.476 | C88: Mumbai_Colaba | D88: 1428.83 | E88: 4.2 | F88: COMPLETED | G88: =TEXT(RideData[[#This Row],[timestamp]],"hh:mm") -> 11:25
A89: RIDE1088 | B89: 46169.476 | C89: Mumbai_Bandra | D89: 1705.28 | F89: COMPLETED | G89: =TEXT(RideData[[#This Row],[timestamp]],"hh:mm") -> 11:25
A90: RIDE1089 | B90: 46169.476 | C90: Mumbai_Bandra | D90: 3021.49 | E90: 2.96 | F90: COMPLETED | G90: =TEXT(RideData[[#This Row],[timestamp]],"hh:mm") -> 11:25
A91: RIDE1090 | B91: 46169.479 | C91: Mumbai_Andheri | D91: 0 | F91: CANCELLED | G91: =TEXT(RideData[[#This Row],[timestamp]],"hh:mm") -> 11:30
A92: RIDE1091 | B92: 46169.479 | C92: Mumbai_Bandra | D92: 0 | F92: NO_DRIVER_AVAILABLE | G92: =TEXT(RideData[[#This Row],[timestamp]],"hh:mm") -> 11:30
A93: RIDE1092 | B93: 46169.479 | C93: Mumbai_Thane | D93: 2614.81 | E93: 3.45 | F93: COMPLETED | G93: =TEXT(RideData[[#This Row],[timestamp]],"hh:mm") -> 11:30
A94: RIDE1093 | B94: 46169.479 | C94: Mumbai_Colaba | D94: 1123.72 | E94: 3.46 | F94: COMPLETED | G94: =TEXT(RideData[[#This Row],[timestamp]],"hh:mm") -> 11:30
A95: RIDE1094 | B95: 46169.479 | C95: Mumbai_Andheri | D95: 1239.5 | E95: 4.95 | F95: COMPLETED | G95: =TEXT(RideData[[#This Row],[timestamp]],"hh:mm") -> 11:30
A96: RIDE1095 | B96: 46169.479 | C96: Mumbai_Bandra | D96: 1075.89 | F96: COMPLETED | G96: =TEXT(RideData[[#This Row],[timestamp]],"hh:mm") -> 11:30
A97: RIDE1096 | B97: 46169.479 | C97: Mumbai_Andheri | D97: 1597.7 | E97: 3.96 | F97: COMPLETED | G97: =TEXT(RideData[[#This Row],[timestamp]],"hh:mm") -> 11:30
A98: RIDE1097 | B98: 46169.479 | C98: Mumbai_Colaba | D98: 0 | E98: 3.61 | F98: CANCELLED | G98: =TEXT(RideData[[#This Row],[timestamp]],"hh:mm") -> 11:30
A99: RIDE1098 | B99: 46169.479 | C99: Mumbai_Colaba | D99: 2398.52 | F99: COMPLETED | G99: =TEXT(RideData[[#This Row],[timestamp]],"hh:mm") -> 11:30
A100: RIDE1099 | B100: 46169.479 | C100: Mumbai_Bandra | D100: 1713.39 | E100: 4.09 | F100: COMPLETED | G100: =TEXT(RideData[[#This Row],[timestamp]],"hh:mm") -> 11:30
A101: RIDE1100 | B101: 46169.479 | C101: Mumbai_Andheri | D101: 760.35 | E101: 4.26 | F101: COMPLETED | G101: =TEXT(RideData[[#This Row],[timestamp]],"hh:mm") -> 11:30
A102: RIDE1101 | B102: 46169.479 | C102: Mumbai_Colaba | D102: 0 | E102: 4.76 | F102: CANCELLED | G102: =TEXT(RideData[[#This Row],[timestamp]],"hh:mm") -> 11:30
A103: RIDE1102 | B103: 46169.479 | C103: Mumbai_Thane | D103: 778.49 | E103: 4.25 | F103: COMPLETED | G103: =TEXT(RideData[[#This Row],[timestamp]],"hh:mm") -> 11:30
A104: RIDE1103 | B104: 46169.479 | C104: Mumbai_Thane | D104: 0 | E104: 4.27 | F104: CANCELLED | G104: =TEXT(RideData[[#This Row],[timestamp]],"hh:mm") -> 11:30
A105: RIDE1104 | B105: 46169.479 | C105: Mumbai_Andheri | D105: 0 | E105: 4.74 | F105: CANCELLED | G105: =TEXT(RideData[[#This Row],[timestamp]],"hh:mm") -> 11:30
A106: RIDE1105 | B106: 46169.479 | C106: Mumbai_Bandra | D106: 967.06 | E106: 3.85 | F106: COMPLETED | G106: =TEXT(RideData[[#This Row],[timestamp]],"hh:mm") -> 11:30
A107: RIDE1106 | B107: 46169.479 | C107: Mumbai_Bandra | D107: 1910.82 | E107: 4.4 | F107: COMPLETED | G107: =TEXT(RideData[[#This Row],[timestamp]],"hh:mm") -> 11:30
A108: RIDE1107 | B108: 46169.479 | C108: Mumbai_Bandra | D108: 2868.35 | E108: 4.35 | F108: COMPLETED | G108: =TEXT(RideData[[#This Row],[timestamp]],"hh:mm") -> 11:30
A109: RIDE1108 | B109: 46169.479 | C109: Mumbai_Bandra | D109: 888.45 | E109: 4.01 | F109: COMPLETED | G109: =TEXT(RideData[[#This Row],[timestamp]],"hh:mm") -> 11:30
A110: RIDE1109 | B110: 46169.479 | C110: Mumbai_Colaba | D110: 1017.42 | E110: 3.77 | F110: COMPLETED | G110: =TEXT(RideData[[#This Row],[timestamp]],"hh:mm") -> 11:30
A111: RIDE1110 | B111: 46169.479 | C111: Mumbai_Andheri | D111: 594.95 | E111: 3.68 | F111: COMPLETED | G111: =TEXT(RideData[[#This Row],[timestamp]],"hh:mm") -> 11:30
... A117: RIDE1116 | B117: 46169.479 | C117: Mumbai_Bandra | D117: 1514.62 | E117: 4.69 | F117: COMPLETED | G117: =TEXT(RideData[[#This Row],[timestamp]],"hh:mm") -> 11:30
A118: RIDE1117 | B118: 46169.479 | C118: Mumbai_Thane | D118: 0 | F118: CANCELLED | G118: =TEXT(RideData[[#This Row],[timestamp]],"hh:mm") -> 11:30
A119: RIDE1118 | B119: 46169.479 | C119: Mumbai_Bandra | D119: 2820.24 | E119: 4.25 | F119: COMPLETED | G119: =TEXT(RideData[[#This Row],[timestamp]],"hh:mm") -> 11:30
A120: RIDE1119 | B120: 46169.479 | C120: Mumbai_Bandra | D120: 0 | E120: 4.6 | F120: CANCELLED | G120: =TEXT(RideData[[#This Row],[timestamp]],"hh:mm") -> 11:30
...

Sheet Pivot Table 1
A1: Ride Status Distribution (PivotTable ptStatus)
A3: Row Labels | B3: Rides | C3: % of Total
A4: COMPLETED | B4: 704 | C4: 0.704
A5: CANCELLED | B5: 222 | C5: 0.222
A6: NO_DRIVER_AVAILABLE | B6: 74 | C6: 0.074
A7: Grand Total | B7: 1000 | C7: 1

Sheet Pivot Table 2
A1: Rides by Pickup Location (PivotTable ptLocRides)
A3: Row Labels | B3: Rides
A4: Mumbai_Andheri | B4: 272
A5: Mumbai_Bandra | B5: 222
A6: Mumbai_Colaba | B6: 265
A7: Mumbai_Thane | B7: 241
A8: Grand Total | B8: 1000

Sheet Pivot Table 3
A1: Total Revenue by Pickup Location (PivotTable ptLocRevenue)
A3: Row Labels | B3: Total Revenue
A4: Mumbai_Andheri | B4: 305497.62
A5: Mumbai_Bandra | B5: 240807.78
A6: Mumbai_Colaba | B6: 275578.13
A7: Mumbai_Thane | B7: 237481.22
A8: Grand Total | B8: 1059364.8

Sheet Pivot Table 4
A1: Ride Trend Over Time (PivotTable ptTrend) - grand-total row also feeds the KPI cards
A3: Row Labels | B3: Rides | C3: Total Revenue | D3: Rating Sum | E3: Rated Rides
A4: 11:25 | B4: 89 | C4: 100665.22 | D4: 312.61 | E4: 77
A5: 11:30 | B5: 61 | C5: 67671.12 | D5: 205.36 | E5: 50
A6: 11:35 | B6: 79 | C6: 89000.55 | D6: 285.32 | E6: 70
A7: 11:40 | B7: 64 | C7: 62602.87 | D7: 230.18 | E7: 57
A8: 11:45 | B8: 79 | C8: 97134.6 | D8: 279.26 | E8: 71
A9: 11:50 | B9: 63 | C9: 76390.06 | D9: 225.23 | E9: 57
A10: 11:55 | B10: 73 | C10: 71041.66 | D10: 270.14 | E10: 68
A11: 12:00 | B11: 64 | C11: 52348.82 | D11: 231.9 | E11: 56
A12: 12:05 | B12: 67 | C12: 68865.45 | D12: 262.58 | E12: 64
A13: 12:10 | B13: 77 | C13: 85751.67 | D13: 251.56 | E13: 65
A14: 12:15 | B14: 51 | C14: 50699.1 | D14: 178.6 | E14: 45
A15: 12:20 | B15: 92 | C15: 88392.7 | D15: 339.78 | E15: 85
... A18: Grand Total | B18: 1000 | C18: 1059364.8 | D18: 3580.23 | E18: 891
A20: Slicers on the Dashboard filter this PivotTable together with the other three (one shared PivotCache).

Sheet Dashboard
U3: RIDE ANALYTICS DASHBOARD
E4: 🚗 | GJ4: 📅 | GS4: DATA PERIOD
GS9: =TEXT(MIN('Clean Data'!$B$2:$B$1001),"dd mmm yyyy")&" – "&TEXT(MAX('Clean Data'!$B$2:$B$1001),"dd mmm yyyy") -> 27 May 2026 – 27 May 2026
U10: Interactive rider insights • Use the filters to explore the data
C18: 🔻 FILTER PANEL
BU20: TOTAL RIDES | DQ20: COMPLETED RIDES | FH20: CANCELLED RIDES | HB20: NO DRIVER AVAILABLE
BG21: 👥 | DB21: ✅ | ET21: ❌ | GN21: 🕒
BU24: =GETPIVOTDATA("Rides",'Pivot Table 4'!$A$3) -> 1000 | DQ24: =IFERROR(GETPIVOTDATA("Rides",'Pivot Table 1'!$A$3,"ride_status","COMPLETED"),0) -> 704 | FH24: =IFERROR(GETPIVOTDATA("Rides",'Pivot Table 1'!$A$3,"ride_status","CANCELLED"),0) -> 222 | HB24: =IFERROR(GETPIVOTDATA("Rides",'Pivot Table 1'!$A$3,"ride_status","NO_DRIVER_AVAILABLE"),0) -> 74
E28: 📍 Pickup Location
BG38: 🪙 | BU38: TOTAL REVENUE | EX38: ⭐ | FL38: AVG. DRIVER RATING
BU42: =IFERROR(GETPIVOTDATA("Total Revenue",'Pivot Table 4'!$A$3),0) -> 1059364.8 | FL42: =IFERROR(GETPIVOTDATA("Rating Sum",'Pivot Table 4'!$A$3)/GETPIVOTDATA("Rated Rides",'Pivot Table 4'!$A$3),0) -> 4.0182155
E45: ☰ Ride Status
BE55: 📈 | BM55: Ride Trend Over Time | EU55: 🥧 | FC55: Ride Status Distribution
E65: ℹ️
N66: DATA QUALITY
N71: =(GETPIVOTDATA("Rides",'Pivot Table 4'!$A$3)-GETPIVOTDATA("Rated Rides",'Pivot Table 4'!$A$3))&" driver ratings are blank and are excluded from the average rating." -> 109 driver ratings are blank and are excluded from the average rating.
E86: 📊 | N86: KEY INSIGHTS
Q93: =IFERROR(IFERROR(GETPIVOTDATA("Rides",'Pivot Table 1'!$A$3,"ride_status","COMPLETED"),0)/GETPIVOTDATA("Rides",'Pivot Table 4'!$A$3),0) -> 0.704
F94: ✅
Q99: Rides completed
BE104: 📊 | BM104: Rides by Pickup Location | ER104: 🪙 | FA104: Total Revenue by Pickup Location
F106: ❌ | Q106: =IFERROR(IFERROR(GETPIVOTDATA("Rides",'Pivot Table 1'!$A$3,"ride_status","CANCELLED"),0)/GETPIVOTDATA("Rides",'Pivot Table 4'!$A$3),0) -> 0.222
Q111: Rides cancelled
F118: 📈 | Q118: =IFERROR(INDEX('Pivot Table 3'!$A$4:$A$7,MATCH(MAX('Pivot Table 3'!$B$4:$B$7),'Pivot Table 3'!$B$4:$B$7,0)),"-") -> Mumbai_Andheri
Q123: Highest revenue location
Q130: =IFERROR(GETPIVOTDATA("Rides",'Pivot Table 4'!$A$3)-GETPIVOTDATA("Rated Rides",'Pivot Table 4'!$A$3),0) -> 109
F131: 👥
Q135: Driver ratings excluded due to missing values
